{
  "path5": 152.67542722451384,
  "path1": 3.5596935769004125,
  "path3": 15.353682969946965,
  "path2": 7.170889805539187,
  "path4": 44.57277548615203
}
